fips,stusps,year,RTC,violent_rate
2,AK,1977,1994,443.24319623961605
2,AK,1978,1994,441.9355743616842
2,AK,1979,1994,491.13295638946573
2,AK,1980,1994,435.9957201868179
2,AK,1981,1994,615.776740917996
2,AK,1982,1994,623.7442763842987
2,AK,1983,1994,613.7786401365543
2,AK,1984,1994,621.5999713294775
2,AK,1985,1994,581.7657564293517
2,AK,1986,1994,570.411925473152
2,AK,1987,1994,455.42848837721743
2,AK,1988,1994,522.8070641978732
2,AK,1989,1994,497.7228670849674
2,AK,1990,1994,524.5045133742267
2,AK,1991,1994,613.859715762949
2,AK,1992,1994,660.4770390543165
2,AK,1993,1994,760.7679360709701
2,AK,1994,1994,766.3366696230129
2,AK,1995,1994,770.8610558198957
2,AK,1996,1994,727.6772254745828
2,AK,1997,1994,701.1494246273684
2,AK,1998,1994,653.9087747291846
2,AK,1999,1994,630.8314117354145
2,AK,2000,1994,566.8877563490953
2,AK,2001,1994,589.4607217114323
2,AK,2002,1994,565.409452441614
2,AK,2003,1994,598.0440180652406
2,AK,2004,1994,632.3022498088376
2,AK,2005,1994,632.3378284243105
2,AK,2006,1994,688.0051410933336
2,AK,2007,1994,661.3235098368315
2,AK,2008,1994,652.0539700131742
2,AK,2009,1994,633.38165421708
2,AK,2010,1994,635.3042046918858
2,AK,2011,1994,610.0627501553881
2,AK,2012,1994,604.1294925464181
2,AK,2013,1994,638.7171355467061
2,AK,2014,1994,635.50993198091
4,AZ,1977,1994,494.207389539811
4,AZ,1978,1994,552.0816254807311
4,AZ,1979,1994,592.9795835584081
4,AZ,1980,1994,650.8536674869247
4,AZ,1981,1994,575.7965436440182
4,AZ,1982,1994,516.9581885286274
4,AZ,1983,1994,494.1612030344925
4,AZ,1984,1994,516.0826060374047
4,AZ,1985,1994,602.5101129636366
4,AZ,1986,1994,658.2755065125601
4,AZ,1987,1994,612.581315759556
4,AZ,1988,1994,610.1270425729008
4,AZ,1989,1994,599.5501812023033
4,AZ,1990,1994,652.3742999394368
4,AZ,1991,1994,670.7200272133645
4,AZ,1992,1994,670.824617891117
4,AZ,1993,1994,714.9899495508313
4,AZ,1994,1994,703.1412018888851
4,AZ,1995,1994,713.4897124203139
4,AZ,1996,1994,631.5040667283126
4,AZ,1997,1994,623.7320821011241
4,AZ,1998,1994,577.9396282122191
4,AZ,1999,1994,551.1129154277907
4,AZ,2000,1994,531.7277604804943
4,AZ,2001,1994,540.3276797138617
4,AZ,2002,1994,554.4993548507847
4,AZ,2003,1994,513.2973038545449
4,AZ,2004,1994,504.4009591914269
4,AZ,2005,1994,511.97657181267897
4,AZ,2006,1994,542.5604227481158
4,AZ,2007,1994,518.0039324651884
4,AZ,2008,1994,485.63264385630345
4,AZ,2009,1994,426.4545313957846
4,AZ,2010,1994,413.64957113516925
4,AZ,2011,1994,414.2213803710104
4,AZ,2012,1994,428.5813612751326
4,AZ,2013,1994,415.6144287632143
4,AZ,2014,1994,392.6712979340772
5,AR,1977,1995,322.94777273980907
5,AR,1978,1995,344.0988708613201
5,AR,1979,1995,366.2385974302181
5,AR,1980,1995,335.1959832651755
5,AR,1981,1995,310.3312827351545
5,AR,1982,1995,324.6617870164245
5,AR,1983,1995,297.6804522184044
5,AR,1984,1995,321.3707385933621
5,AR,1985,1995,347.56250489895814
5,AR,1986,1995,394.81447303105364
5,AR,1987,1995,412.0184360987565
5,AR,1988,1995,422.6671893698753
5,AR,1989,1995,473.690846278641
5,AR,1990,1995,532.2188551893312
5,AR,1991,1995,593.2547677136536
5,AR,1992,1995,576.5317383423982
5,AR,1993,1995,593.2757016408851
5,AR,1994,1995,595.1080131264879
5,AR,1995,1995,553.1804827578369
5,AR,1996,1995,524.3427215356752
5,AR,1997,1995,526.8728195916148
5,AR,1998,1995,490.22841013612555
5,AR,1999,1995,425.18285414459007
5,AR,2000,1995,445.275579745864
5,AR,2001,1995,452.3698266204336
5,AR,2002,1995,424.97630922785726
5,AR,2003,1995,456.37936034179836
5,AR,2004,1995,502.3271660902553
5,AR,2005,1995,528.5139087197161
5,AR,2006,1995,552.7823228332597
5,AR,2007,1995,537.1107642161437
5,AR,2008,1995,513.0296070888575
5,AR,2009,1995,515.8419887060504
5,AR,2010,1995,503.52743671860344
5,AR,2011,1995,482.3074214749724
5,AR,2012,1995,469.55273094151573
5,AR,2013,1995,463.199940691407
5,AR,2014,1995,480.2424756133389
6,CA,1977,Inf,705.982758987742
6,CA,1978,Inf,742.9173021289712
6,CA,1979,Inf,811.0989098358922
6,CA,1980,Inf,893.6083410663821
6,CA,1981,Inf,862.9702934739436
6,CA,1982,Inf,814.7103887177058
6,CA,1983,Inf,772.5869125901454
6,CA,1984,Inf,763.3635659523366
6,CA,1985,Inf,765.2682026903826
6,CA,1986,Inf,920.5367224670529
6,CA,1987,Inf,917.9877862982198
6,CA,1988,Inf,929.8208488218933
6,CA,1989,Inf,977.6552554055279
6,CA,1990,Inf,1045.1973941632539
6,CA,1991,Inf,1089.934239334131
6,CA,1992,Inf,1119.7200404020514
6,CA,1993,Inf,1077.7642991305645
6,CA,1994,Inf,1012.9965769814386
6,CA,1995,Inf,966.0136892887796
6,CA,1996,Inf,862.6514427586973
6,CA,1997,Inf,798.2582564124755
6,CA,1998,Inf,703.7164488754169
6,CA,1999,Inf,627.1782396042385
6,CA,2000,Inf,621.5552162441899
6,CA,2001,Inf,615.2144118916011
6,CA,2002,Inf,595.3603377906317
6,CA,2003,Inf,579.6256197615585
6,CA,2004,Inf,527.8019420959196
6,CA,2005,Inf,526.0198226663416
6,CA,2006,Inf,533.4506121809711
6,CA,2007,Inf,524.0605180452034
6,CA,2008,Inf,504.2052162465905
6,CA,2009,Inf,473.2848999553814
6,CA,2010,Inf,439.58460948214815
6,CA,2011,Inf,411.16469604058943
6,CA,2012,Inf,423.5381484499503
6,CA,2013,Inf,402.6370077678398
6,CA,2014,Inf,396.3752314126701
8,CO,1977,2003,511.9128579901154
8,CO,1978,2003,497.97759029231213
8,CO,1979,2003,522.0778901168322
8,CO,1980,2003,528.5910309576291
8,CO,1981,2003,531.7247179185482
8,CO,1982,2003,504.23647230706445
8,CO,1983,2003,476.4256802690694
8,CO,1984,2003,457.7722824159631
8,CO,1985,2003,471.0305539001318
8,CO,1986,2003,523.5689621956958
8,CO,1987,2003,467.5060548098833
8,CO,1988,2003,472.58355585670046
8,CO,1989,2003,471.3898340398908
8,CO,1990,2003,525.984457417796
8,CO,1991,2003,559.2834112543145
8,CO,1992,2003,578.8472841540242
8,CO,1993,2003,567.2741654705064
8,CO,1994,2003,509.6280785496526
8,CO,1995,2003,440.1920601653649
8,CO,1996,2003,404.47297938677053
8,CO,1997,2003,363.19033105976996
8,CO,1998,2003,377.9401217465891
8,CO,1999,2003,340.49679473131573
8,CO,2000,2003,334.01832287270304
8,CO,2001,2003,349.6284880722425
8,CO,2002,2003,352.8508600938347
8,CO,2003,2003,346.48791425877425
8,CO,2004,2003,372.0484138752944
8,CO,2005,2003,396.6722717724632
8,CO,2006,2003,395.3821147445376
8,CO,2007,2003,351.7627704233766
8,CO,2008,2003,353.8851061246346
8,CO,2009,2003,338.76330466493346
8,CO,2010,2003,323.69257286115374
8,CO,2011,2003,314.3872827132332
8,CO,2012,2003,307.37319545688194
8,CO,2013,2003,305.36303589378565
8,CO,2014,2003,307.8466779128851
10,DE,1977,Inf,382.13049393819676
10,DE,1978,Inf,440.65177099494394
10,DE,1979,Inf,537.285206423856
10,DE,1980,Inf,474.798240723242
10,DE,1981,Inf,509.03013995342417
10,DE,1982,Inf,559.800756694004
10,DE,1983,Inf,453.135369762124
10,DE,1984,Inf,435.72595082988556
10,DE,1985,Inf,433.2796992922889
10,DE,1986,Inf,427.0143125783341
10,DE,1987,Inf,430.74529334620536
10,DE,1988,Inf,451.6667381748177
10,DE,1989,Inf,556.4636600449088
10,DE,1990,Inf,655.2399890505782
10,DE,1991,Inf,714.2648104411489
10,DE,1992,Inf,621.1901825491403
10,DE,1993,Inf,685.8570419440271
10,DE,1994,Inf,644.3344024064323
10,DE,1995,Inf,724.9650642785971
10,DE,1996,Inf,668.2759169240186
10,DE,1997,Inf,785.9288781259235
10,DE,1998,Inf,762.365766326511
10,DE,1999,Inf,734.4021161233032
10,DE,2000,Inf,684.405205560869
10,DE,2001,Inf,611.0977787657971
10,DE,2002,Inf,600.0409654403521
10,DE,2003,Inf,675.2907875455631
10,DE,2004,Inf,615.0090961949646
10,DE,2005,Inf,633.4490082375471
10,DE,2006,Inf,701.0157037407453
10,DE,2007,Inf,705.3948958713701
10,DE,2008,Inf,708.6310015261148
10,DE,2009,Inf,645.447888819495
10,DE,2010,Inf,623.2552050051835
10,DE,2011,Inf,566.4343523047384
10,DE,2012,Inf,550.4589538569827
10,DE,2013,Inf,500.73491580704837
10,DE,2014,Inf,488.05088546928556
12,FL,1977,1987,686.8434555629129
12,FL,1978,1987,765.5572646553065
12,FL,1979,1987,833.8712276346681
12,FL,1980,1987,983.5257296790832
12,FL,1981,1987,965.0698566638727
12,FL,1982,1987,896.80301278111
12,FL,1983,1987,826.7040771191942
12,FL,1984,1987,867.9844845594581
12,FL,1985,1987,941.1492062483752
12,FL,1986,1987,1036.5138536417408
12,FL,1987,1987,1024.436636006015
12,FL,1988,1987,1117.7425319534323
12,FL,1989,1987,1109.422899977341
12,FL,1990,1987,1244.3261895257272
12,FL,1991,1987,1184.3265375196254
12,FL,1992,1987,1207.1987739587223
12,FL,1993,1987,1206.0457479372715
12,FL,1994,1987,1146.8212457442346
12,FL,1995,1987,1070.95132769141
12,FL,1996,1987,1051.0418341512095
12,FL,1997,1987,1023.5840883656431
12,FL,1998,1987,938.6967109064498
12,FL,1999,1987,853.9602144495292
12,FL,2000,1987,812.0005663182119
12,FL,2001,1987,798.3286777702579
12,FL,2002,1987,771.1676744970672
12,FL,2003,1987,731.0939883506276
12,FL,2004,1987,711.8259459661093
12,FL,2005,1987,708.8902194474595
12,FL,2006,1987,716.4335548237677
12,FL,2007,1987,722.5699389480118
12,FL,2008,1987,688.8566719045366
12,FL,2009,1987,612.4782125957204
12,FL,2010,1987,541.2766578854546
12,FL,2011,1987,514.6035297489944
12,FL,2012,1987,486.97388010637155
12,FL,2013,1987,469.34454992819406
12,FL,2014,1987,458.8916935389796
13,GA,1977,1989,439.8374721743254
13,GA,1978,1989,482.78924450226197
13,GA,1979,1989,558.6948759859606
13,GA,1980,1989,555.3384201436186
13,GA,1981,1989,548.15946459461
13,GA,1982,1989,478.15216925758557
13,GA,1983,1989,456.71657613285606
13,GA,1984,1989,478.5848823043892
13,GA,1985,1989,507.212232051667
13,GA,1986,1989,587.6309469745319
13,GA,1987,1989,576.4707111627872
13,GA,1988,1989,665.3490908076396
13,GA,1989,1989,735.8140378265313
13,GA,1990,1989,756.3193783598681
13,GA,1991,1989,738.2453192465065
13,GA,1992,1989,733.1655860500982
13,GA,1993,1989,723.1314260040509
13,GA,1994,1989,667.6541843625636
13,GA,1995,1989,657.0894434869305
13,GA,1996,1989,638.7323639314324
13,GA,1997,1989,606.5723664840382
13,GA,1998,1989,572.6510080599323
13,GA,1999,1989,533.9460987377122
13,GA,2000,1989,504.7240771336334
13,GA,2001,1989,495.7483880108569
13,GA,2002,1989,459.63232835438714
13,GA,2003,1989,454.5056038411844
13,GA,2004,1989,450.9578613696018
13,GA,2005,1989,445.9323569450409
13,GA,2006,1989,477.9397197961416
13,GA,2007,1989,491.5476484497731
13,GA,2008,1989,488.89382914833396
13,GA,2009,1989,428.0405481831693
13,GA,2010,1989,402.25876874207444
13,GA,2011,1989,374.64615672262266
13,GA,2012,1989,379.9550613587655
13,GA,2013,1989,375.38683637949777
13,GA,2014,1989,385.8026928357735
15,HI,1977,Inf,224.804520740909
15,HI,1978,Inf,270.1226187569548
15,HI,1979,Inf,289.7267275548318
15,HI,1980,Inf,299.4774857047379
15,HI,1981,Inf,247.59954097719339
15,HI,1982,Inf,255.73439471128435
15,HI,1983,Inf,252.1016459498332
15,HI,1984,Inf,231.85753810659264
15,HI,1985,Inf,219.44975392999254
15,HI,1986,Inf,245.19778773469366
15,HI,1987,Inf,263.2501862189967
15,HI,1988,Inf,257.09057712610814
15,HI,1989,Inf,270.14387233585234
15,HI,1990,Inf,280.89861754024207
15,HI,1991,Inf,241.7620891019222
15,HI,1992,Inf,258.4482824993995
15,HI,1993,Inf,261.1775198555438
15,HI,1994,Inf,262.17136026849175
15,HI,1995,Inf,295.6191977849784
15,HI,1996,Inf,280.5742613099555
15,HI,1997,Inf,277.9275154587051
15,HI,1998,Inf,246.94043833523966
15,HI,1999,Inf,234.92261738183512
15,HI,2000,Inf,243.82247782773584
15,HI,2001,Inf,254.02923527267012
15,HI,2002,Inf,262.92389165353023
15,HI,2003,Inf,272.271205567319
15,HI,2004,Inf,254.57090224657532
15,HI,2005,Inf,255.4823395143527
15,HI,2006,Inf,280.6694008706521
15,HI,2007,Inf,276.1440266951615
15,HI,2008,Inf,272.47368427276103
15,HI,2009,Inf,274.0935854138338
15,HI,2010,Inf,264.27371339011694
15,HI,2011,Inf,251.42780134999353
15,HI,2012,Inf,243.00581773952962
15,HI,2013,Inf,254.4381374596618
15,HI,2014,Inf,236.7177257192112
16,ID,1977,1990,236.87286789592287
16,ID,1978,1990,236.44652774672915
16,ID,1979,1990,288.72932964092746
16,ID,1980,1990,313.36475355970674
16,ID,1981,1990,283.3159132542178
16,ID,1982,1990,259.1709712650376
16,ID,1983,1990,238.7260176079092
16,ID,1984,1990,235.2647508071765
16,ID,1985,1990,234.82585218027583
16,ID,1986,1990,222.5323955657843
16,ID,1987,1990,214.22846057273117
16,ID,1988,1990,234.73472328174407
16,ID,1989,1990,254.635125056132
16,ID,1990,1990,275.7390260725359
16,ID,1991,1990,290.27917269728977
16,ID,1992,1990,281.4433550509179
16,ID,1993,1990,281.8016355742912
16,ID,1994,1990,285.7899856122315
16,ID,1995,1990,322.01208044063867
16,ID,1996,1990,267.19936157316437
16,ID,1997,1990,256.77681488393586
16,ID,1998,1990,282.1806891512396
16,ID,1999,1990,244.94689020041548
16,ID,2000,1990,252.48216159216872
16,ID,2001,1990,243.14977612450386
16,ID,2002,1990,254.55585047223596
16,ID,2003,1990,245.93384576404713
16,ID,2004,1990,247.43041210738116
16,ID,2005,1990,256.75698025230906
16,ID,2006,1990,249.98893681011774
16,ID,2007,1990,256.16876067349494
16,ID,2008,1990,241.49893028959264
16,ID,2009,1990,246.15065696852955
16,ID,2010,1990,220.48216405560262
16,ID,2011,1990,202.1791192926919
16,ID,2012,1990,209.82831205830786
16,ID,2013,1990,215.2100345556837
16,ID,2014,1990,210.36137502310623
17,IL,1977,2014,630.5914159210138
17,IL,1978,2014,676.7232894122997
17,IL,1979,2014,743.9002887171404
17,IL,1980,2014,808.036136575742
17,IL,1981,2014,792.5010150898541
17,IL,1982,2014,774.3188486681055
17,IL,1983,2014,728.0951136028889
17,IL,1984,2014,724.880720756728
17,IL,1985,2014,714.7636053582004
17,IL,1986,2014,810.3184129234602
17,IL,1987,2014,796.200892872083
17,IL,1988,2014,810.4382026549423
17,IL,1989,2014,845.8654124480934
17,IL,1990,2014,967.3592080151541
17,IL,1991,2014,1039.2010994633297
17,IL,1992,2014,977.2502268621074
17,IL,1993,2014,959.7332197342488
17,IL,1994,2014,960.9256452336379
17,IL,1995,2014,996.0777163959647
17,IL,1996,2014,890.3690058770492
17,IL,1997,2014,861.4322580252706
17,IL,1998,2014,807.7294946568396
17,IL,1999,2014,689.4662578735164
17,IL,2000,2014,653.7893631687867
17,IL,2001,2014,633.1355558147742
17,IL,2002,2014,601.909382693257
17,IL,2003,2014,556.372124394473
17,IL,2004,2014,545.664770721074
17,IL,2005,2014,552.2417065290192
17,IL,2006,2014,541.6004131036171
17,IL,2007,2014,533.1861339282694
17,IL,2008,2014,525.3628188953127
17,IL,2009,2014,497.15691313895996
17,IL,2010,2014,444.8846507528379
17,IL,2011,2014,423.9816799282268
17,IL,2012,2014,416.18895412356574
17,IL,2013,2014,403.05480760813947
17,IL,2014,2014,370.86080275927526
19,IA,1977,2011,143.97357338242637
19,IA,1978,2011,161.39506063747834
19,IA,1979,2011,181.1574548704279
19,IA,1980,2011,200.35738777032543
19,IA,1981,2011,204.17672932496933
19,IA,1982,2011,172.73665469737003
19,IA,1983,2011,181.1359468784155
19,IA,1984,2011,198.65974787052943
19,IA,1985,2011,211.71980162526734
19,IA,1986,2011,235.11043766341876
19,IA,1987,2011,231.22799097311471
19,IA,1988,2011,256.84551331981555
19,IA,1989,2011,266.302879045245
19,IA,1990,2011,299.66632945507456
19,IA,1991,2011,303.2915335820608
19,IA,1992,2011,277.9516362676762
19,IA,1993,2011,325.4797523076403
19,IA,1994,2011,315.09370880519276
19,IA,1995,2011,354.3631474161792
19,IA,1996,2011,272.47550323691456
19,IA,1997,2011,309.993042685878
19,IA,1998,2011,311.53043552502453
19,IA,1999,2011,279.9875452702341
19,IA,2000,2011,266.40931215316573
19,IA,2001,2011,268.2498829898294
19,IA,2002,2011,285.71041192610727
19,IA,2003,2011,277.87451004719264
19,IA,2004,2011,287.81838505372417
19,IA,2005,2011,293.2702815546871
19,IA,2006,2011,285.7397044559083
19,IA,2007,2011,300.1962123962004
19,IA,2008,2011,288.12130130179474
19,IA,2009,2011,282.0945875777
19,IA,2010,2011,268.53963102471175
19,IA,2011,2011,257.2698666908141
19,IA,2012,2011,265.59006270296555
19,IA,2013,2011,273.02942223732197
19,IA,2014,2011,272.84292287053705
20,KS,1977,2007,309.802270695029
20,KS,1978,2007,318.18571794992215
20,KS,1979,2007,353.56682645136755
20,KS,1980,2007,389.3352597132013
20,KS,1981,2007,369.4246419310598
20,KS,1982,2007,335.88045057809666
20,KS,1983,2007,326.5567617139491
20,KS,1984,2007,334.16743506367595
20,KS,1985,2007,355.7551746429494
20,KS,1986,2007,368.79313674121784
20,KS,1987,2007,360.7430567552788
20,KS,1988,2007,365.21909600475806
20,KS,1989,2007,400.83574547454776
20,KS,1990,2007,447.73639476451535
20,KS,1991,2007,499.5991876971871
20,KS,1992,2007,510.82046136643527
20,KS,1993,2007,496.4045712316368
20,KS,1994,2007,442.99133287199635
20,KS,1995,2007,420.74080669665904
20,KS,1996,2007,413.7635935823212
20,KS,1997,2007,429.7109338415717
20,KS,1998,2007,417.34496563406384
20,KS,1999,2007,382.7731559455099
20,KS,2000,2007,389.4483366878019
20,KS,2001,2007,403.7193765511188
20,KS,2002,2007,377.2077140734977
20,KS,2003,2007,397.49914204961874
20,KS,2004,2007,377.8765108898914
20,KS,2005,2007,389.3861310045414
20,KS,2006,2007,432.6945793934168
20,KS,2007,2007,458.5740817844304
20,KS,2008,2007,412.3285756411337
20,KS,2009,2007,406.56365011908156
20,KS,2010,2007,370.8104067235141
20,KS,2011,2007,355.66646540398716
20,KS,2012,2007,356.69263582761363
20,KS,2013,2007,342.8412111885073
20,KS,2014,2007,352.62614647057455
21,KY,1977,1996,233.57431005888893
21,KY,1978,1996,223.1846633448032
21,KY,1979,1996,248.0294329819435
21,KY,1980,1996,266.6773613216587
21,KY,1981,1996,289.5110137415084
21,KY,1982,1996,314.97143034925995
21,KY,1983,1996,322.2132902738301
21,KY,1984,1996,277.7868082998488
21,KY,1985,1996,305.52878326764005
21,KY,1986,1996,334.41514655151497
21,KY,1987,1996,337.77840686726347
21,KY,1988,1996,330.12626187431965
21,KY,1989,1996,356.9090486853542
21,KY,1990,1996,390.36213948703653
21,KY,1991,1996,437.97461396249923
21,KY,1992,1996,535.4725988182549
21,KY,1993,1996,462.6551518290299
21,KY,1994,1996,443.9769928681464
21,KY,1995,1996,364.7410190343457
21,KY,1996,1996,320.49432169182336
21,KY,1997,1996,316.93963758836605
21,KY,1998,1996,327.9726189833113
21,KY,1999,1996,308.3195665617629
21,KY,2000,1996,294.4996865788752
21,KY,2001,1996,258.3061052636934
21,KY,2002,1996,271.4299176031548
21,KY,2003,1996,248.45876816048187
21,KY,2004,1996,245.10871132340546
21,KY,2005,1996,266.8354701354421
21,KY,2006,1996,270.1093522190502
21,KY,2007,1996,290.6772526898818
21,KY,2008,1996,297.2423065642927
21,KY,2009,1996,254.97715041720818
21,KY,2010,1996,243.92585809395908
21,KY,2011,1996,239.64836583182955
21,KY,2012,1996,224.94541930283577
21,KY,2013,1996,210.92908118298456
21,KY,2014,1996,215.17842987304607
22,LA,1977,1996,524.7897085779052
22,LA,1978,1996,584.896650261728
22,LA,1979,1996,676.3287584942517
22,LA,1980,1996,664.9773622532934
22,LA,1981,1996,638.2811486769046
22,LA,1982,1996,669.0736770022384
22,LA,1983,1996,640.9192664441454
22,LA,1984,1996,677.9696842158528
22,LA,1985,1996,694.2200480660631
22,LA,1986,1996,758.2313861775951
22,LA,1987,1996,693.028371252611
22,LA,1988,1996,717.4434176941005
22,LA,1989,1996,781.7662376800689
22,LA,1990,1996,898.4418999149779
22,LA,1991,1996,951.03476775697
22,LA,1992,1996,984.5815045710059
22,LA,1993,1996,1061.6998891964774
22,LA,1994,1996,981.9001772831155
22,LA,1995,1996,1007.392993738354
22,LA,1996,1996,929.1196970207685
22,LA,1997,1996,855.8823221852331
22,LA,1998,1996,779.5149411538492
22,LA,1999,1996,732.6794528622382
22,LA,2000,1996,681.1403813959972
22,LA,2001,1996,686.2522226333093
22,LA,2002,1996,663.2869099501316
22,LA,2003,1996,636.9409556517062
22,LA,2004,1996,640.0268838115263
22,LA,2005,1996,596.5615507015112
22,LA,2006,1996,721.1909963277261
22,LA,2007,1996,740.4494496214297
22,LA,2008,1996,671.3753471683066
22,LA,2009,1996,642.8653094781769
22,LA,2010,1996,555.3156472950634
22,LA,2011,1996,554.6294578126415
22,LA,2012,1996,496.2696682029116
22,LA,2013,1996,521.1822042826886
22,LA,2014,1996,515.8754420681663
23,ME,1977,1985,224.70045834416948
23,ME,1978,1985,207.69933276898257
23,ME,1979,1985,202.46130509740982
23,ME,1980,1985,193.38421380050352
23,ME,1981,1985,195.58307807246092
23,ME,1982,1985,163.01854446848958
23,ME,1983,1985,159.59859419556764
23,ME,1984,1985,158.47752623818053
23,ME,1985,1985,167.525761959403
23,ME,1986,1985,147.01873899033197
23,ME,1987,1985,152.14828639981312
23,ME,1988,1985,157.37979140975418
23,ME,1989,1985,137.15217553558108
23,ME,1990,1985,143.2494063752409
23,ME,1991,1985,132.06479521892123
23,ME,1992,1985,130.85017958228173
23,ME,1993,1985,125.74657473818051
23,ME,1994,1985,129.91933988566944
23,ME,1995,1985,131.42628211453814
23,ME,1996,1985,124.93964634633166
23,ME,1997,1985,120.77295895544931
23,ME,1998,1985,125.88425972893681
23,ME,1999,1985,112.04752278581282
23,ME,2000,1985,109.57523647560465
23,ME,2001,1985,111.71920622550215
23,ME,2002,1985,107.80803706163611
23,ME,2003,1985,108.61551224892072
23,ME,2004,1985,103.72742531985323
23,ME,2005,1985,112.50017194699444
23,ME,2006,1985,115.99805429695442
23,ME,2007,1985,118.81202128714312
23,ME,2008,1985,119.4115114720321
23,ME,2009,1985,119.85121135821743
23,ME,2010,1985,122.12034352762362
23,ME,2011,1985,123.2928965680973
23,ME,2012,1985,122.39357986956043
23,ME,2013,1985,132.5353501438033
23,ME,2014,1985,127.644600020776
24,MD,1977,Inf,693.7908350052163
24,MD,1978,Inf,732.0299150019304
24,MD,1979,Inf,795.540940972925
24,MD,1980,Inf,852.414255641531
24,MD,1981,Inf,887.1156093295981
24,MD,1982,Inf,850.03530305036
24,MD,1983,Inf,807.0630656704737
24,MD,1984,Inf,792.2512665619697
24,MD,1985,Inf,834.5856604435071
24,MD,1986,Inf,833.0048646924353
24,MD,1987,Inf,767.8059596548266
24,MD,1988,Inf,806.7614093351988
24,MD,1989,Inf,855.3898673045907
24,MD,1990,Inf,918.9644449022674
24,MD,1991,Inf,956.1525039108676
24,MD,1992,Inf,1000.1016674087882
24,MD,1993,Inf,997.7843077442982
24,MD,1994,Inf,948.0025978356474
24,MD,1995,Inf,986.850318946628
24,MD,1996,Inf,931.1909935541103
24,MD,1997,Inf,846.6236280410335
24,MD,1998,Inf,796.5529137925356
24,MD,1999,Inf,743.4208627796837
24,MD,2000,Inf,786.6157385811031
24,MD,2001,Inf,781.4218692729486
24,MD,2002,Inf,770.8430448457439
24,MD,2003,Inf,703.4799201376784
24,MD,2004,Inf,700.5695948486787
24,MD,2005,Inf,704.326086394364
24,MD,2006,Inf,678.6476202055597
24,MD,2007,Inf,641.8796135555372
24,MD,2008,Inf,628.2485972322843
24,MD,2009,Inf,589.9663144584379
24,MD,2010,Inf,546.2968857527379
24,MD,2011,Inf,493.4778648411654
24,MD,2012,Inf,477.25787577258285
24,MD,2013,Inf,475.43780236316354
24,MD,2014,Inf,447.9574190580549
25,MA,1977,Inf,425.3371695520882
25,MA,1978,Inf,461.95017496943484
25,MA,1979,Inf,531.2877840553384
25,MA,1980,Inf,601.2966355407452
25,MA,1981,Inf,628.6480540145544
25,MA,1982,Inf,571.371781602501
25,MA,1983,Inf,576.7990145035201
25,MA,1984,Inf,523.6633410985062
25,MA,1985,Inf,538.1998407084162
25,MA,1986,Inf,556.858629865381
25,MA,1987,Inf,564.6456294880595
25,MA,1988,Inf,619.5877021223013
25,MA,1989,Inf,674.9872062775577
25,MA,1990,Inf,736.3176992111671
25,MA,1991,Inf,736.1239155067357
25,MA,1992,Inf,779.0430229157156
25,MA,1993,Inf,804.9400197740774
25,MA,1994,Inf,707.6477149165522
25,MA,1995,Inf,687.1749781773829
25,MA,1996,Inf,642.1863710275935
25,MA,1997,Inf,644.1811065947892
25,MA,1998,Inf,621.3113428470768
25,MA,1999,Inf,550.9647211664084
25,MA,2000,Inf,476.1306681152081
25,MA,2001,Inf,477.8036832075348
25,MA,2002,Inf,484.8639849496646
25,MA,2003,Inf,473.1357490965394
25,MA,2004,Inf,460.2347822040391
25,MA,2005,Inf,460.78507027940964
25,MA,2006,Inf,500.4821232527095
25,MA,2007,Inf,441.675608425
25,MA,2008,Inf,463.79114743859117
25,MA,2009,Inf,462.6161053001148
25,MA,2010,Inf,468.87592111078715
25,MA,2011,Inf,427.3041568851375
25,MA,2012,Inf,407.0092011932617
25,MA,2013,Inf,406.3870777720455
25,MA,2014,Inf,395.09263425857586
26,MI,1977,2001,584.7410445093001
26,MI,1978,2001,577.2119961216868
26,MI,1979,2001,614.2268852747
26,MI,1980,2001,639.5012598063419
26,MI,1981,2001,641.8649222652261
26,MI,1982,2001,656.55951196264175
26,MI,1983,2001,716.6501760029727
26,MI,1984,2001,760.0992961737262
26,MI,1985,2001,734.0887627477155
26,MI,1986,2001,803.9035915999201
26,MI,1987,2001,780.1303502475412
26,MI,1988,2001,741.7205458907631
26,MI,1989,2001,709.1556188963555
26,MI,1990,2001,790.3782098991433
26,MI,1991,2001,803.0741079929545
26,MI,1992,2001,770.0752133073072
26,MI,1993,2001,791.5277805096681
26,MI,1994,2001,766.1225647070424
26,MI,1995,2001,687.8207924695726
26,MI,1996,2001,635.3032958825812
26,MI,1997,2001,589.9632199700844
26,MI,1998,2001,620.831283915313
26,MI,1999,2001,574.9219075385005
26,MI,2000,2001,555.0064526875059
26,MI,2001,2001,553.8928752264743
26,MI,2002,2001,540.7230568147811
26,MI,2003,2001,511.28883321708923
26,MI,2004,2001,492.240519010939
26,MI,2005,2001,553.7761479443246
26,MI,2006,2001,564.4117049061624
26,MI,2007,2001,533.816011258238
26,MI,2008,2001,514.943741728462
26,MI,2009,2001,499.7628767698316
26,MI,2010,2001,492.98678502940646
26,MI,2011,2001,442.764735982227
26,MI,2012,2001,454.96485960277096
26,MI,2013,2001,452.1733604533494
26,MI,2014,2001,429.1416832755772
27,MN,1977,2003,193.83649226586016
27,MN,1978,2003,189.64572354000538
27,MN,1979,2003,221.0098316544831
27,MN,1980,2003,227.7632197793436
27,MN,1981,2003,228.4596864635428
27,MN,1982,2003,219.25959757721216
27,MN,1983,2003,190.8542682340731
27,MN,1984,2003,211.48490676310269
27,MN,1985,2003,256.40351983306095
27,MN,1986,2003,284.5514816985536
27,MN,1987,2003,285.39805433567744
27,MN,1988,2003,290.0604196331295
27,MN,1989,2003,288.2838759045306
27,MN,1990,2003,306.0958875269107
27,MN,1991,2003,316.0198460479277
27,MN,1992,2003,338.03572610740554
27,MN,1993,2003,353.90754999690347
27,MN,1994,2003,359.03213043697855
27,MN,1995,2003,356.09546004282254
27,MN,1996,2003,338.81499978693796
27,MN,1997,2003,337.7507047724375
27,MN,1998,2003,310.179938682143
27,MN,1999,2003,274.00224273091754
27,MN,2000,2003,280.78170972463755
27,MN,2001,2003,263.71567656347185
27,MN,2002,2003,267.23503891842006
27,MN,2003,2003,262.9452057372274
27,MN,2004,2003,269.81019104948626
27,MN,2005,2003,297.3235324896568
27,MN,2006,2003,310.4641949729093
27,MN,2007,2003,289.6325228893329
27,MN,2008,2003,265.36321500290484
27,MN,2009,2003,244.46404923077952
27,MN,2010,2003,235.65816852927537
27,MN,2011,2003,230.45274569470587
27,MN,2012,2003,230.85165589470898
27,MN,2013,2003,234.41269721699285
27,MN,2014,2003,229.14997838167756
28,MS,1977,1990,288.6563701179068
28,MS,1978,1990,321.1729646850483
28,MS,1979,1990,323.6076922364391
28,MS,1980,1990,341.948306965941
28,MS,1981,1990,304.58502353507475
28,MS,1982,1990,294.59041729464906
28,MS,1983,1990,280.4406386935439
28,MS,1984,1990,281.98619078486763
28,MS,1985,1990,270.91463726085607
28,MS,1986,1990,274.133320487663
28,MS,1987,1990,269.75243090231265
28,MS,1988,1990,325.23788411009036
28,MS,1989,1990,311.1788693349636
28,MS,1990,1990,340.3523236328332
28,MS,1991,1990,389.0817450440443
28,MS,1992,1990,411.7444575806733
28,MS,1993,1990,433.8631278394127
28,MS,1994,1990,493.70546070901224
28,MS,1995,1990,502.7807977884903
28,MS,1996,1990,488.2547914714649
28,MS,1997,1990,468.985710496348
28,MS,1998,1990,410.6830662949717
28,MS,1999,1990,349.30770729869334
28,MS,2000,1990,360.92216954375374
28,MS,2001,1990,349.8928325833847
28,MS,2002,1990,343.87579558742965
28,MS,2003,1990,323.87490994902043
28,MS,2004,1990,295.37008160644694
28,MS,2005,1990,279.56024404914973
28,MS,2006,1990,311.8321365754388
28,MS,2007,1990,291.2855357173568
28,MS,2008,1990,304.29265570676614
28,MS,2009,1990,286.28086144604254
28,MS,2010,1990,269.3200732298459
28,MS,2011,1990,268.9879225520973
28,MS,2012,1990,260.14167018606526
28,MS,2013,1990,277.48761204022617
28,MS,2014,1990,278.30825864232554
29,MO,1977,2004,460.42487125065145
29,MO,1978,2004,467.8599695022243
29,MO,1979,2004,527.1570402257319
29,MO,1980,2004,554.4869279128976
29,MO,1981,2004,540.1986133251979
29,MO,1982,2004,506.52388899664976
29,MO,1983,2004,477.2232857341675
29,MO,1984,2004,460.6829120643555
29,MO,1985,2004,503.4995858201982
29,MO,1986,2004,578.5630575867489
29,MO,1987,2004,544.6208345512829
29,MO,1988,2004,552.5006199714085
29,MO,1989,2004,632.5643121263506
29,MO,1990,2004,715.2917396156734
29,MO,1991,2004,763.0476792302716
29,MO,1992,2004,740.3813095113397
29,MO,1993,2004,744.4211989455537
29,MO,1994,2004,743.463402879741
29,MO,1995,2004,663.7678295772683
29,MO,1996,2004,590.9497765423138
29,MO,1997,2004,577.4157067948504
29,MO,1998,2004,555.6536286985179
29,MO,1999,2004,500.2067986728119
29,MO,2000,2004,490.0440088792114
29,MO,2001,2004,540.5415701389877
29,MO,2002,2004,538.9674656907251
29,MO,2003,2004,490.75020423647254
29,MO,2004,2004,490.0746207615263
29,MO,2005,2004,525.6737969269893
29,MO,2006,2004,545.9278895026675
29,MO,2007,2004,560.7293879737489
29,MO,2008,2004,502.4184346470475
29,MO,2009,2004,492.90357570865325
29,MO,2010,2004,457.6600987875034
29,MO,2011,2004,447.46341490395275
29,MO,2012,2004,451.30548936763074
29,MO,2013,2004,433.6866933255455
29,MO,2014,2004,443.3173879921306
30,MT,1977,1991,218.00264140671618
30,MT,1978,1991,237.57963045223826
30,MT,1979,1991,224.17306507331318
30,MT,1980,1991,222.6225026499211
30,MT,1981,1991,253.03030254376256
30,MT,1982,1991,224.8439720169515
30,MT,1983,1991,212.60713982927405
30,MT,1984,1991,237.6213236510768
30,MT,1985,1991,208.47456577748366
30,MT,1986,1991,157.38707089775465
30,MT,1987,1991,151.1743143779612
30,MT,1988,1991,123.00996841564529
30,MT,1989,1991,116.00496852583346
30,MT,1990,1991,159.3111856906986
30,MT,1991,1991,139.8514579761806
30,MT,1992,1991,169.90291800510195
30,MT,1993,1991,177.47320794576171
30,MT,1994,1991,177.1027647573145
30,MT,1995,1991,171.3793316816449
30,MT,1996,1991,160.97840376724648
30,MT,1997,1991,132.08192509501623
30,MT,1998,1991,204.2045759124167
30,MT,1999,1991,236.7523811286767
30,MT,2000,1991,311.1300556018903
30,MT,2001,1991,352.0060681851338
30,MT,2002,1991,351.1751878571792
30,MT,2003,1991,364.9703203710348
30,MT,2004,1991,293.76868254061185
30,MT,2005,1991,281.7904827952321
30,MT,2006,1991,377.2897421855989
30,MT,2007,1991,379.80453335341707
30,MT,2008,1991,311.4404276618691
30,MT,2009,1991,286.9776326776662
30,MT,2010,1991,275.7937282650933
30,MT,2011,1991,276.14429004675293
30,MT,2012,1991,278.76847097529065
30,MT,2013,1991,288.11745449308415
30,MT,2014,1991,328.4626403110649
31,NE,1977,2007,199.4234912460201
31,NE,1978,2007,190.54309825246668
31,NE,1979,2007,225.92125732012443
31,NE,1980,2007,224.5637822345472
31,NE,1981,2007,181.5355135623321
31,NE,1982,2007,229.57126251443216
31,NE,1983,2007,217.72069880544265
31,NE,1984,2007,225.84058371722386
31,NE,1985,2007,237.9203012883056
31,NE,1986,2007,262.5782180658267
31,NE,1987,2007,251.1919682692199
31,NE,1988,2007,273.2041939009503
31,NE,1989,2007,279.5158571040707
31,NE,1990,2007,330.0208096862609
31,NE,1991,2007,334.5888452940832
31,NE,1992,2007,348.5679530929903
31,NE,1993,2007,377.7846274263556
31,NE,1994,2007,389.52559698065227
31,NE,1995,2007,381.97928622667695
31,NE,1996,2007,434.74575575281904
31,NE,1997,2007,438.44288031080697
31,NE,1998,2007,451.41310180903946
31,NE,1999,2007,430.1849288197887
31,NE,2000,2007,327.5943745955853
31,NE,2001,2007,303.1326371004686
31,NE,2002,2007,314.19964948118013
31,NE,2003,2007,293.8171541580808
31,NE,2004,2007,308.57636727011743
31,NE,2005,2007,287.34542469303244
31,NE,2006,2007,293.8929596242065
31,NE,2007,2007,311.28646462672776
31,NE,2008,2007,312.3191892246242
31,NE,2009,2007,289.3768606129322
31,NE,2010,2007,278.28463767076886
31,NE,2011,2007,253.60514811409124
31,NE,2012,2007,258.81912419934713
31,NE,2013,2007,264.7984582613459
31,NE,2014,2007,276.21105777746175
32,NV,1977,1995,742.9700873398042
32,NV,1978,1995,780.7574139370495
32,NV,1979,1995,835.6126343727883
32,NV,1980,1995,912.6438270133573
32,NV,1981,1995,896.449860779154
32,NV,1982,1995,805.4483649370742
32,NV,1983,1995,655.2187432863725
32,NV,1984,1995,628.540148685837
32,NV,1985,1995,667.0941017253402
32,NV,1986,1995,718.8991753770089
32,NV,1987,1995,695.7298597748696
32,NV,1988,1995,780.6602512111056
32,NV,1989,1995,625.2925043852835
32,NV,1990,1995,600.9154180663547
32,NV,1991,1995,677.024746017303
32,NV,1992,1995,696.8347997635702
32,NV,1993,1995,875.2340270825694
32,NV,1994,1995,1001.8533699826081
32,NV,1995,1995,945.1635079940911
32,NV,1996,1995,811.2911533780016
32,NV,1997,1995,798.7479085368252
32,NV,1998,1995,643.6176971103959
32,NV,1999,1995,569.9037958902306
32,NV,2000,1995,524.1567351151471
32,NV,2001,1995,589.1628556136562
32,NV,2002,1995,639.2750358603698
32,NV,2003,1995,616.0448791171654
32,NV,2004,1995,616.3578056077165
32,NV,2005,1995,607.4696618642931
32,NV,2006,1995,748.8190545892744
32,NV,2007,1995,754.8583912815077
32,NV,2008,1995,729.6838169619099
32,NV,2009,1995,705.1988261218655
32,NV,2010,1995,662.9852475965015
32,NV,2011,1995,568.0824460026555
32,NV,2012,1995,608.6001127532763
32,NV,2013,1995,604.9807665611759
32,NV,2014,1995,635.7017819299829
34,NJ,1977,Inf,392.0316450220023
34,NJ,1978,Inf,423.46120916410854
34,NJ,1979,Inf,501.1866316382919
34,NJ,1980,Inf,604.358552715752
34,NJ,1981,Inf,630.6446401941708
34,NJ,1982,Inf,607.3540968794288
34,NJ,1983,Inf,553.0797291167637
34,NJ,1984,Inf,527.7312259962305
34,NJ,1985,Inf,544.4590683143826
34,NJ,1986,Inf,572.4803701886412
34,NJ,1987,Inf,541.0193925222541
34,NJ,1988,Inf,582.8108559720534
34,NJ,1989,Inf,608.9838822626175
34,NJ,1990,Inf,647.5521737341953
34,NJ,1991,Inf,634.7552178779329
34,NJ,1992,Inf,625.8183862408364
34,NJ,1993,Inf,626.8562326402883
34,NJ,1994,Inf,614.170067979444
34,NJ,1995,Inf,599.7735011583909
34,NJ,1996,Inf,531.5348457956032
34,NJ,1997,Inf,492.64862897178676
34,NJ,1998,Inf,440.17253990460335
34,NJ,1999,Inf,411.8665960979655
34,NJ,2000,Inf,383.844221588186
34,NJ,2001,Inf,388.83265985373055
34,NJ,2002,Inf,376.1054859542634
34,NJ,2003,Inf,364.3427811335954
34,NJ,2004,Inf,356.27413397709006
34,NJ,2005,Inf,355.2622112747843
34,NJ,2006,Inf,350.1608833047371
34,NJ,2007,Inf,328.6238451211942
34,NJ,2008,Inf,326.52437472524537
34,NJ,2009,Inf,311.3666287418137
34,NJ,2010,Inf,307.4573364068671
34,NJ,2011,Inf,307.90833703568927
34,NJ,2012,Inf,290.11865465602136
34,NJ,2013,Inf,288.9299945430142
34,NJ,2014,Inf,260.8727015002673
35,NM,1977,2004,500.9242954383419
35,NM,1978,2004,528.2178739515741
35,NM,1979,2004,585.9789474436747
35,NM,1980,2004,614.9871021490237
35,NM,1981,2004,671.6654536905456
35,NM,1982,2004,734.5106831148553
35,NM,1983,2004,686.776318785627
35,NM,1984,2004,688.0618989243796
35,NM,1985,2004,703.9309032046739
35,NM,1986,2004,725.5578196164558
35,NM,1987,2004,628.4667237067736
35,NM,1988,2004,658.1455687866815
35,NM,1989,2004,703.8614249284958
35,NM,1990,2004,780.2285631459366
35,NM,1991,2004,834.7544131588077
35,NM,1992,2004,934.914475673189
35,NM,1993,2004,929.7029190481835
35,NM,1994,2004,889.2382693471634
35,NM,1995,2004,819.2285102106305
35,NM,1996,2004,840.5720725805243
35,NM,1997,2004,853.294701971902
35,NM,1998,2004,961.4275107774823
35,NM,1999,2004,834.557405658522
35,NM,2000,2004,757.8699194653788
35,NM,2001,2004,780.3662308191118
35,NM,2002,2004,740.7492699720195
35,NM,2003,2004,667.2655771031216
35,NM,2004,2004,687.3860304240925
35,NM,2005,2004,646.3185513115931
35,NM,2006,2004,654.7121734619034
35,NM,2007,2004,675.7143552470371
35,NM,2008,2004,653.461483296073
35,NM,2009,2004,632.3921047447276
35,NM,2010,2004,587.9723349037516
35,NM,2011,2004,572.6728533789421
35,NM,2012,2004,559.6246081042334
35,NM,2013,2004,622.455976258573
35,NM,2014,2004,597.6791123360898
36,NY,1977,Inf,831.7732406807951
36,NY,1978,Inf,840.9794002952121
36,NY,1979,Inf,917.366419112601
36,NY,1980,Inf,1029.5207075445396
36,NY,1981,Inf,1069.5581072829057
36,NY,1982,Inf,990.0506463020038
36,NY,1983,Inf,914.0714706764487
36,NY,1984,Inf,914.3334620240078
36,NY,1985,Inf,929.9050935330076
36,NY,1986,Inf,985.8767260331035
36,NY,1987,Inf,1008.0839917660597
36,NY,1988,Inf,1097.306880381174
36,NY,1989,Inf,1131.1532706740097
36,NY,1990,Inf,1180.9486258097807
36,NY,1991,Inf,1163.9382655945485
36,NY,1992,Inf,1122.0872891690135
36,NY,1993,Inf,1073.5394584251032
36,NY,1994,Inf,965.5623761484632
36,NY,1995,Inf,841.8781430994578
36,NY,1996,Inf,727.0057753151469
36,NY,1997,Inf,688.5923023188711
36,NY,1998,Inf,637.7715556273581
36,NY,1999,Inf,588.8297612060232
36,NY,2000,Inf,553.9021193882734
36,NY,2001,Inf,513.6251411088529
36,NY,2002,Inf,496.6474891015813
36,NY,2003,Inf,465.77158567461197
36,NY,2004,Inf,440.40873020104164
36,NY,2005,Inf,444.3997566588015
36,NY,2006,Inf,435.17653722569924
36,NY,2007,Inf,414.3596647505404
36,NY,2008,Inf,397.869870138527
36,NY,2009,Inf,384.3623662213247
36,NY,2010,Inf,394.38603260928016
36,NY,2011,Inf,397.2132255040138
36,NY,2012,Inf,406.2857432280591
36,NY,2013,Inf,393.8072393598385
36,NY,2014,Inf,384.69057435312766
37,NC,1977,1995,407.0949923166994
37,NC,1978,1995,413.3762819814271
37,NC,1979,1995,446.1112206227049
37,NC,1980,1995,455.0056469312797
37,NC,1981,1995,436.6660854690558
37,NC,1982,1995,446.3365505390813
37,NC,1983,1995,409.585738700396
37,NC,1984,1995,403.6496945244932
37,NC,1985,1995,420.8953161950994
37,NC,1986,1995,475.8805392913504
37,NC,1987,1995,484.00121711662297
37,NC,1988,1995,501.88471284123466
37,NC,1989,1995,546.3703501845173
37,NC,1990,1995,623.5370059895414
37,NC,1991,1995,658.3790984359727
37,NC,1992,1995,680.9877457698985
37,NC,1993,1995,679.3087422112538
37,NC,1994,1995,654.9928934185624
37,NC,1995,1995,646.3934455049741
37,NC,1996,1995,588.1195460344345
37,NC,1997,1995,607.0167960891364
37,NC,1998,1995,579.4194717024014
37,NC,1999,1995,542.0879599819655
37,NC,2000,1995,497.57028551431637
37,NC,2001,1995,493.1085686174802
37,NC,2002,1995,470.971037369772
37,NC,2003,1995,454.1282253680285
37,NC,2004,1995,447.7974591703926
37,NC,2005,1995,468.72525411415023
37,NC,2006,1995,475.22134702945834
37,NC,2007,1995,466.0728468627608
37,NC,2008,1995,467.6108409529881
37,NC,2009,1995,404.50345363860293
37,NC,2010,1995,362.742237840446
37,NC,2011,1995,346.2920207372253
37,NC,2012,1995,353.53631229024984
37,NC,2013,1995,341.02227696653205
37,NC,2014,1995,329.1421471218202
38,ND,1977,1985,67.07503897560265
38,ND,1978,1985,67.0245234911086
38,ND,1979,1985,61.339416936145625
38,ND,1980,1985,53.95156504396981
38,ND,1981,1985,67.47718953838738
38,ND,1982,1985,61.791036657496214
38,ND,1983,1985,53.67647199909483
38,ND,1984,1985,53.644308804097314
38,ND,1985,1985,47.007301215062654
38,ND,1986,1985,51.25184431884592
38,ND,1987,1985,56.84523032340189
38,ND,1988,1985,59.125191031836124
38,ND,1989,1985,63.18181976018728
38,ND,1990,1985,73.88855505460603
38,ND,1991,1985,65.35434169480037
38,ND,1992,1985,83.33333935690972
38,ND,1993,1985,82.20470914287198
38,ND,1994,1985,81.81818511269702
38,ND,1995,1985,86.73948678192501
38,ND,1996,1985,84.00619617829025
38,ND,1997,1985,87.20749935368981
38,ND,1998,1985,89.34170115362767
38,ND,1999,1985,66.91221513212074
38,ND,2000,1985,81.43879846012607
38,ND,2001,1985,79.3339223560066
38,ND,2002,1985,78.24442117914498
38,ND,2003,1985,80.20209347949101
38,ND,2004,1985,87.69338207170854
38,ND,2005,1985,111.25028195213326
38,ND,2006,1985,197.36826970818115
38,ND,2007,1985,209.93719898347348
38,ND,2008,1985,224.63639445272244
38,ND,2009,1985,266.37018859752067
38,ND,2010,1985,229.45941336342574
38,ND,2011,1985,248.1233568631002
38,ND,2012,1985,245.6708317357234
38,ND,2013,1985,273.3965458760593
38,ND,2014,1985,270.390793958267
39,OH,1977,2004,406.7003476767804
39,OH,1978,2004,412.6615768380649
39,OH,1979,2004,457.47834984472576
39,OH,1980,2004,498.25358855095027
39,OH,1981,2004,496.5572688858429
39,OH,1982,2004,436.71585255388356
39,OH,1983,2004,397.9061081441048
39,OH,1984,2004,385.323577635192
39,OH,1985,2004,381.60826130826234
39,OH,1986,2004,420.9448916505498
39,OH,1987,2004,421.32784290876236
39,OH,1988,2004,452.02353420421827
39,OH,1989,2004,468.5889355135811
39,OH,1990,2004,506.16220712821735
39,OH,1991,2004,561.8430464895413
39,OH,1992,2004,525.9169941413903
39,OH,1993,2004,504.1475178403909
39,OH,1994,2004,485.76836148321485
39,OH,1995,2004,482.4590034940208
39,OH,1996,2004,428.6761964385248
39,OH,1997,2004,435.41918210063915
39,OH,1998,2004,362.4586796043242
39,OH,1999,2004,316.39951136323486
39,OH,2000,2004,334.1366831928691
39,OH,2001,2004,351.3937825219339
39,OH,2002,2004,351.7315733647326
39,OH,2003,2004,333.8527206962569
39,OH,2004,2004,338.7468285026025
39,OH,2005,2004,350.12732399917405
39,OH,2006,2004,361.4826212223953
39,OH,2007,2004,355.4486025991465
39,OH,2008,2004,352.0487045586676
39,OH,2009,2004,331.8563790014657
39,OH,2010,2004,314.66549164142407
39,OH,2011,2004,305.15532332335965
39,OH,2012,2004,301.4533576001905
39,OH,2013,2004,291.410151869118
39,OH,2014,2004,285.6773081701973
40,OK,1977,1996,316.5777402456416
40,OK,1978,1996,352.9513210759935
40,OK,1979,1996,405.22122602001104
40,OK,1980,1996,419.4583648614724
40,OK,1981,1996,426.8237702542049
40,OK,1982,1996,443.9094641961051
40,OK,1983,1996,423.40810699748954
40,OK,1984,1996,407.4591263591483
40,OK,1985,1996,421.99336276886703
40,OK,1986,1996,436.3994388688325
40,OK,1987,1996,417.6039522280973
40,OK,1988,1996,434.5387094432742
40,OK,1989,1996,491.53217907306333
40,OK,1990,1996,547.4975205718075
40,OK,1991,1996,583.7164202917942
40,OK,1992,1996,622.8205658424482
40,OK,1993,1996,634.8499621836918
40,OK,1994,1996,651.4731127466466
40,OK,1995,1996,664.1243145908519
40,OK,1996,1996,597.0917402001043
40,OK,1997,1996,559.5416239672858
40,OK,1998,1996,539.3785649385245
40,OK,1999,1996,508.21257297522305
40,OK,2000,1996,497.7897994226168
40,OK,2001,1996,510.8979250996968
40,OK,2002,1996,503.96869473784716
40,OK,2003,1996,506.435496945355
40,OK,2004,1996,500.49023736657927
40,OK,2005,1996,509.2224140501959
40,OK,2006,1996,500.24973360926384
40,OK,2007,1996,504.0754041175726
40,OK,2008,1996,531.4958150716261
40,OK,2009,1996,503.38339696943603
40,OK,2010,1996,481.35944817079337
40,OK,2011,1996,457.4591536919673
40,OK,2012,1996,474.3983578605616
40,OK,2013,1996,446.05442735552907
40,OK,2014,1996,413.75293963525604
41,OR,1977,1990,455.8080340927153
41,OR,1978,1990,502.37315762115475
41,OR,1979,1990,545.3502877534197
41,OR,1980,1990,490.4084377078888
41,OR,1981,1990,478.6928364152584
41,OR,1982,1990,472.97085787199023
41,OR,1983,1990,487.8286877038696
41,OR,1984,1990,506.09583831897055
41,OR,1985,1990,551.0606224767126
41,OR,1986,1990,549.6663126988203
41,OR,1987,1990,539.5375353291163
41,OR,1988,1990,545.7498605437718
41,OR,1989,1990,518.6171108395938
41,OR,1990,1990,506.8041406151257
41,OR,1991,1990,506.33118519181113
41,OR,1992,1990,510.2116354512198
41,OR,1993,1990,503.1002389868256
41,OR,1994,1990,520.6417073067354
41,OR,1995,1990,522.3814436723306
41,OR,1996,1990,463.07737353690504
41,OR,1997,1990,444.4033590807927
41,OR,1998,1990,419.80493104882873
41,OR,1999,1990,374.8920531907471
41,OR,2000,1990,350.7337235607985
41,OR,2001,1990,306.61242998483635
41,OR,2002,1990,292.5272640549078
41,OR,2003,1990,294.75383113955945
41,OR,2004,1990,298.60523862133385
41,OR,2005,1990,287.0121188325101
41,OR,2006,1990,284.64444091265017
41,OR,2007,1990,293.9327618189532
41,OR,2008,1990,261.4470369950397
41,OR,2009,1990,260.55655978784534
41,OR,2010,1990,251.3592335537198
41,OR,2011,1990,249.2872158614188
41,OR,2012,1990,247.140812977232
41,OR,2013,1990,242.76561343718376
41,OR,2014,1990,259.216206352081
42,PA,1977,1989,282.80018311024077
42,PA,1978,1989,301.11488651325436
42,PA,1979,1989,333.5861782386084
42,PA,1980,1989,363.93092137374333
42,PA,1981,1989,371.7464132284766
42,PA,1982,1989,360.44662355948685
42,PA,1983,1989,342.8498757077228
42,PA,1984,1989,320.59489539878047
42,PA,1985,1989,331.0553795609459
42,PA,1986,1989,358.5583908451992
42,PA,1987,1989,369.36158368155594
42,PA,1988,1989,361.96885431433543
42,PA,1989,1989,378.62122995721097
42,PA,1990,1989,431.0261603352149
42,PA,1991,1989,449.995754257083
42,PA,1992,1989,426.9796992117482
42,PA,1993,1989,417.45522929289734
42,PA,1994,1989,426.69271999761816
42,PA,1995,1989,427.31943874588615
42,PA,1996,1989,480.3001864398661
42,PA,1997,1989,442.0963915992015
42,PA,1998,1989,420.54825091596103
42,PA,1999,1989,420.4680453520612
42,PA,2000,1989,420.0289906630338
42,PA,2001,1989,409.9128109629921
42,PA,2002,1989,402.13065877840927
42,PA,2003,1989,397.7928516238875
42,PA,2004,1989,411.45771195588065
42,PA,2005,1989,425.3085733774409
42,PA,2006,1989,442.32517744329067
42,PA,2007,1989,416.6883662333344
42,PA,2008,1989,410.0486793288848
42,PA,2009,1989,382.29980826046085
42,PA,2010,1989,366.5121798085664
42,PA,2011,1989,362.43863144184957
42,PA,2012,1989,355.54929457285573
42,PA,2013,1989,335.05983244083683
42,PA,2014,1989,314.9814932454824
44,RI,1977,Inf,301.6043267610695
44,RI,1978,Inf,348.1284383589059
44,RI,1979,Inf,375.1345334725965
44,RI,1980,Inf,408.52796412369094
44,RI,1981,Inf,441.7017245074899
44,RI,1982,Inf,401.77454349250775
44,RI,1983,Inf,355.1832786087393
44,RI,1984,Inf,334.7193780641842
44,RI,1985,Inf,346.5908605577396
44,RI,1986,Inf,335.48716719944895
44,RI,1987,Inf,359.73628026845313
44,RI,1988,Inf,396.6834316660951
44,RI,1989,Inf,377.9559810779678
44,RI,1990,Inf,431.903840664268
44,RI,1991,Inf,461.9521574487668
44,RI,1992,Inf,394.52728939431364
44,RI,1993,Inf,401.70002538261485
44,RI,1994,Inf,375.52666015813134
44,RI,1995,Inf,367.9798295873946
44,RI,1996,Inf,347.17176594152784
44,RI,1997,Inf,333.5359170792548
44,RI,1998,Inf,312.1457393213632
44,RI,1999,Inf,286.63149550515504
44,RI,2000,Inf,297.7146629533913
44,RI,2001,Inf,309.34480827728794
44,RI,2002,Inf,285.58700755341556
44,RI,2003,Inf,285.6654571406642
44,RI,2004,Inf,247.51927002198136
44,RI,2005,Inf,252.4266665758685
44,RI,2006,Inf,230.42120987254293
44,RI,2007,Inf,229.1479023138167
44,RI,2008,Inf,252.76271235589144
44,RI,2009,Inf,254.27052077278475
44,RI,2010,Inf,257.38029863415534
44,RI,2011,Inf,246.1342251878393
44,RI,2012,Inf,252.97432516436928
44,RI,2013,Inf,257.2734243145436
44,RI,2014,Inf,219.92460821049738
45,SC,1977,1996,636.1960697531531
45,SC,1978,1996,637.5599279760385
45,SC,1979,1996,678.3425298520843
45,SC,1980,1996,659.9648303985196
45,SC,1981,1996,640.398100761375
45,SC,1982,1996,719.9811731921383
45,SC,1983,1996,616.8196991112195
45,SC,1984,1996,624.4546327329087
45,SC,1985,1996,631.0426113899847
45,SC,1986,1996,674.6300373395309
45,SC,1987,1996,664.9050705943221
45,SC,1988,1996,741.1679501294656
45,SC,1989,1996,813.667588136745
45,SC,1990,1996,976.5673253807296
45,SC,1991,1996,972.4998661880229
45,SC,1992,1996,944.4629462318305
45,SC,1993,1996,1023.3600828164931
45,SC,1994,1996,1030.4582885191046
45,SC,1995,1996,981.9493401953155
45,SC,1996,1996,996.891191666503
45,SC,1997,1996,990.2923873937834
45,SC,1998,1996,903.2064178312369
45,SC,1999,1996,847.2011182022802
45,SC,2000,1996,828.138248401785
45,SC,2001,1996,815.1891418466887
45,SC,2002,1996,822.6823748736251
45,SC,2003,1996,806.388727132281
45,SC,2004,1996,789.9204312557029
45,SC,2005,1996,767.3773546671187
45,SC,2006,1996,771.1195044978533
45,SC,2007,1996,785.6688376508421
45,SC,2008,1996,730.9702412878772
45,SC,2009,1996,675.2328293596773
45,SC,2010,1996,602.1643039907597
45,SC,2011,1996,596.8739725418421
45,SC,2012,1996,560.4839899614661
45,SC,2013,1996,508.45278335324366
45,SC,2014,1996,497.7677249974545
46,SD,1977,1985,189.1146489467354
46,SD,1978,1985,163.47828439120616
46,SD,1979,1985,159.0710879437051
46,SD,1980,1985,126.84950270030629
46,SD,1981,1985,104.81749825309227
46,SD,1982,1985,98.98698195654248
46,SD,1983,1985,120.00000667426013
46,SD,1984,1985,147.45044105362433
46,SD,1985,1985,136.5819057264084
46,SD,1986,1985,124.71750692817362
46,SD,1987,1985,119.746102374942
46,SD,1988,1985,113.70629182163414
46,SD,1989,1985,135.52444513446704
46,SD,1990,1985,162.7864427569439
46,SD,1991,1985,182.21908594485316
46,SD,1992,1985,194.51480712479733
46,SD,1993,1985,208.39157626980585
46,SD,1994,1985,227.6005861332718
46,SD,1995,1985,207.54459285844845
46,SD,1996,1985,177.18579775887497
46,SD,1997,1985,197.42549841867515
46,SD,1998,1985,154.33601147311276
46,SD,1999,1985,167.36391834264919
46,SD,2000,1985,166.789430317191
46,SD,2001,1985,154.41948866709484
46,SD,2002,1985,177.52949303958826
46,SD,2003,1985,173.74703209511216
46,SD,2004,1985,171.16062510252826
46,SD,2005,1985,178.99474932226963
46,SD,2006,1985,264.86121977285075
46,SD,2007,1985,241.8948141217673
46,SD,2008,1985,276.923195791049
46,SD,2009,1985,218.7392377821777
46,SD,2010,1985,268.92059267590815
46,SD,2011,1985,255.5873729325138
46,SD,2012,1985,323.8426345186554
46,SD,2013,1985,323.23694792590015
46,SD,2014,1985,328.2534583637962
47,TN,1977,1996,389.4626361150487
47,TN,1978,1996,382.6257078172221
47,TN,1979,1996,414.0410873781536
47,TN,1980,1996,458.1142409933606
47,TN,1981,1996,412.55966133570723
47,TN,1982,1996,421.1137328441566
47,TN,1983,1996,402.0491729282407
47,TN,1984,1996,445.4102134749883
47,TN,1985,1996,474.4225630298849
47,TN,1986,1996,539.64199768783806
47,TN,1987,1996,533.4707077163118
47,TN,1988,1996,532.7302170903116
47,TN,1989,1996,548.9473152255578
47,TN,1990,1996,670.4277715569616
47,TN,1991,1996,725.9236051755205
47,TN,1992,1996,746.1583046286513
47,TN,1993,1996,765.7774191333707
47,TN,1994,1996,747.9226449109086
47,TN,1995,1996,771.4803010404117
47,TN,1996,1996,773.9663200219827
47,TN,1997,1996,789.6609527906659
47,TN,1998,1996,715.0063145593463
47,TN,1999,1996,695.0080150822383
47,TN,2000,1996,707.1717574751658
47,TN,2001,1996,744.0081312003897
47,TN,2002,1996,717.8492674081801
47,TN,2003,1996,691.3183624455768
47,TN,2004,1996,697.6230733996955
47,TN,2005,1996,757.3193755887207
47,TN,2006,1996,762.4522900255614
47,TN,2007,1996,754.9800623373535
47,TN,2008,1996,722.667797261681
47,TN,2009,1996,665.9991631456022
47,TN,2010,1996,612.0233639799404
47,TN,2011,1996,607.7544684253347
47,TN,2012,1996,638.474748555315
47,TN,2013,1996,585.830875391006
47,TN,2014,1996,610.7260729507934
48,TX,1977,1996,407.7084788154363
48,TX,1978,1996,435.30043734126235
48,TX,1979,1996,507.94171505288125
48,TX,1980,1996,550.3101482203202
48,TX,1981,1996,532.4297895928073
48,TX,1982,1996,577.0812737656408
48,TX,1983,1996,512.2488485281432
48,TX,1984,1996,504.9534889034705
48,TX,1985,1996,549.9693853503873
48,TX,1986,1996,658.9438039111446
48,TX,1987,1996,631.1334911121738
48,TX,1988,1996,652.5566161263034
48,TX,1989,1996,658.5191303954693
48,TX,1990,1996,761.4455150746826
48,TX,1991,1996,840.0655938069293
48,TX,1992,1996,806.349122945621
48,TX,1993,1996,762.126241431595
48,TX,1994,1996,706.4858765615431
48,TX,1995,1996,663.8697533531472
48,TX,1996,1996,644.447784895133
48,TX,1997,1996,602.5310861709979
48,TX,1998,1996,564.6052443297591
48,TX,1999,1996,560.2934662610884
48,TX,2000,1996,545.0508001574594
48,TX,2001,1996,571.5927823334447
48,TX,2002,1996,579.7417139403608
48,TX,2003,1996,553.0649604918347
48,TX,2004,1996,540.9239490266623
48,TX,2005,1996,528.1241851667455
48,TX,2006,1996,517.2839240464957
48,TX,2007,1996,510.42528691872235
48,TX,2008,1996,508.01631982024634
48,TX,2009,1996,491.0116607206071
48,TX,2010,1996,448.3779865583606
48,TX,2011,1996,408.6099837090339
48,TX,2012,1996,408.56380913783005
48,TX,2013,1996,410.3164424218306
48,TX,2014,1996,406.652255920566
49,UT,1977,1995,239.98422147765032
49,UT,1978,1995,271.7674162846899
49,UT,1979,1995,304.1696374378099
49,UT,1980,1995,303.3463497701971
49,UT,1981,1995,298.61477864064415
49,UT,1982,1995,285.7142265971179
49,UT,1983,1995,255.96045617392582
49,UT,1984,1995,244.24942240428388
49,UT,1985,1995,267.3556126173645
49,UT,1986,1995,266.72670461603923
49,UT,1987,1995,229.82142387421894
49,UT,1988,1995,243.0514764646371
49,UT,1989,1995,258.7580411935183
49,UT,1990,1995,283.94805405414195
49,UT,1991,1995,286.83617334057396
49,UT,1992,1995,290.5129127856014
49,UT,1993,1995,301.0215721767124
49,UT,1994,1995,304.50733140590955
49,UT,1995,1995,328.8058242592482
49,UT,1996,1995,331.90005651648096
49,UT,1997,1995,334.0457188399744
49,UT,1998,1995,314.2381561120384
49,UT,1999,1995,275.5611874697427
49,UT,2000,1995,255.73524831834317
49,UT,2001,1995,233.2019400538633
49,UT,2002,1995,236.67528821998263
49,UT,2003,1995,250.36996451385818
49,UT,2004,1995,233.2789027013628
49,UT,2005,1995,225.35134400473584
49,UT,2006,1995,226.30811497087672
49,UT,2007,1995,239.93227433975804
49,UT,2008,1995,225.2940772905784
49,UT,2009,1995,215.40119811048373
49,UT,2010,1995,213.47671741693824
49,UT,2011,1995,197.09722369600019
49,UT,2012,1995,208.0303857795539
49,UT,2013,1995,228.8835213930148
49,UT,2014,1995,219.5280399546452
51,VA,1977,1995,290.0291628988715
51,VA,1978,1995,286.38298865363964
51,VA,1979,1995,300.98138414372306
51,VA,1980,1995,307.22783541353374
51,VA,1981,1995,321.710347852505
51,VA,1982,1995,309.05111364193357
51,VA,1983,1995,292.54051570263465
51,VA,1984,1995,295.5997456388862
51,VA,1985,1995,294.65476033947454
51,VA,1986,1995,305.99621451751483
51,VA,1987,1995,294.95263525864516
51,VA,1988,1995,299.1994365788864
51,VA,1989,1995,312.5122561857888
51,VA,1990,1995,350.61817777312143
51,VA,1991,1995,373.1944473210392
51,VA,1992,1995,374.8941983464198
51,VA,1993,1995,372.20775903317036
51,VA,1994,1995,357.70760951518747
51,VA,1995,1995,361.453664500151
51,VA,1996,1995,341.3033864616223
51,VA,1997,1995,345.248026726787
51,VA,1998,1995,325.65160499065814
51,VA,1999,1995,314.655588880129
51,VA,2000,1995,281.7399648910071
51,VA,2001,1995,290.95071170984863
51,VA,2002,1995,291.66441176761253
51,VA,2003,1995,278.1970717897043
51,VA,2004,1995,275.4589789306042
51,VA,2005,1995,283.35630970482737
51,VA,2006,1995,283.70187372150775
51,VA,2007,1995,272.7535576793669
51,VA,2008,1995,257.8295082733283
51,VA,2009,1995,230.82512846491178
51,VA,2010,1995,214.15880417396215
51,VA,2011,1995,197.59671880373457
51,VA,2012,1995,191.482972680347
51,VA,2013,1995,197.75479138198634
51,VA,2014,1995,198.38863104626412
54,WV,1977,1989,152.33993889057473
54,WV,1978,1989,167.74190357479617
54,WV,1979,1989,168.05109246148578
54,WV,1980,1989,183.7074550193912
54,WV,1981,1989,174.78215384685095
54,WV,1982,1989,174.79465568777803
54,WV,1983,1989,171.75573830924517
54,WV,1984,1989,168.1864916239746
54,WV,1985,1989,166.0123949966727
54,WV,1986,1989,164.4606979182829
54,WV,1987,1989,137.3220571218926
54,WV,1988,1989,131.4225220322342
54,WV,1989,1989,146.6882202052819
54,WV,1990,1989,169.28015772567812
54,WV,1991,1989,191.00503436171678
54,WV,1992,1989,211.53422516123828
54,WV,1993,1989,208.40658150590627
54,WV,1994,1989,215.7519342906105
54,WV,1995,1989,210.1750850708888
54,WV,1996,1989,210.0766927659211
54,WV,1997,1989,218.66738482152843
54,WV,1998,1989,248.6472138414629
54,WV,1999,1989,350.65044649860937
54,WV,2000,1989,316.4773704000005
54,WV,2001,1989,279.5707753197789
54,WV,2002,1989,233.8654077917167
54,WV,2003,1989,255.43215317346983
54,WV,2004,1989,281.92353868982303
54,WV,2005,1989,273.8573852496116
54,WV,2006,1989,281.17038512040966
54,WV,2007,1989,276.81586216704807
54,WV,2008,1989,275.89356143128936
54,WV,2009,1989,305.20218094645725
54,WV,2010,1989,301.2346583547325
54,WV,2011,1989,296.3488714968023
54,WV,2012,1989,320.08745809017125
54,WV,2013,1989,305.1906841554909
54,WV,2014,1989,316.4298378963387
55,WI,1977,2011,131.52006828824457
55,WI,1978,2011,132.16502391528653
55,WI,1979,2011,166.08048731301028
55,WI,1980,2011,182.57106455224982
55,WI,1981,2011,187.88773160196888
55,WI,1982,2011,190.4932237227307
55,WI,1983,2011,190.9071502814256
55,WI,1984,2011,196.53797225537127
55,WI,1985,2011,206.91099854057646
55,WI,1986,2011,257.86836109048477
55,WI,1987,2011,249.92719675601802
55,WI,1988,2011,214.3680457832888
55,WI,1989,2011,222.60116658142275
55,WI,1990,2011,264.6895133415106
55,WI,1991,2011,276.9525118365666
55,WI,1992,2011,275.7340297784853
55,WI,1993,2011,264.41047561151805
55,WI,1994,2011,270.5233689333566
55,WI,1995,2011,281.06582802555
55,WI,1996,2011,252.69378051114973
55,WI,1997,2011,270.56090925582737
55,WI,1998,2011,249.02370288888204
55,WI,1999,2011,245.84579146383157
55,WI,2000,2011,236.77800907516584
55,WI,2001,2011,230.9678180838999
55,WI,2002,2011,224.97599114545386
55,WI,2003,2011,221.10628060913774
55,WI,2004,2011,209.8288123285844
55,WI,2005,2011,241.82088963663335
55,WI,2006,2011,286.13305998407606
55,WI,2007,2011,291.52175425056083
55,WI,2008,2011,275.5346463896604
55,WI,2009,2011,259.07311252387757
55,WI,2010,2011,248.90807332523696
55,WI,2011,2011,249.884297591455
55,WI,2012,2011,283.93478545981446
55,WI,2013,2011,280.6569546218699
55,WI,2014,2011,291.0529781919737
56,WY,1977,1994,240.88673396041548
56,WY,1978,1994,280.42459221057794
56,WY,1979,1994,350.8889592897922
56,WY,1980,1994,392.57581700883975
56,WY,1981,1994,430.0813515708582
56,WY,1982,1994,304.1832714456037
56,WY,1983,1994,237.15948181145347
56,WY,1984,1994,242.07435666212515
56,WY,1985,1994,256.7780392941221
56,WY,1986,1994,293.09664900290574
56,WY,1987,1994,283.0612375715623
56,WY,1988,1994,314.0127271639337
56,WY,1989,1994,258.31583587295415
56,WY,1990,1994,301.37488350346706
56,WY,1991,1994,310.2173609854919
56,WY,1992,1994,319.52794968721406
56,WY,1993,1994,286.1701737648992
56,WY,1994,1994,272.4790112735022
56,WY,1995,1994,254.16663449367869
56,WY,1996,1994,249.68812779967809
56,WY,1997,1994,255.20838368831218
56,WY,1998,1994,247.60910439946096
56,WY,1999,1994,232.48447578846708
56,WY,2000,1994,266.5143898718679
56,WY,2001,1994,257.6181335388741
56,WY,2002,1994,273.43983069200044
56,WY,2003,1994,261.69511860035044
56,WY,2004,1994,229.89321482830866
56,WY,2005,1994,230.34683758922188
56,WY,2006,1994,253.78442727922567
56,WY,2007,1994,257.06250547088297
56,WY,2008,1994,249.68646095715962
56,WY,2009,1994,219.7438896818263
56,WY,2010,1994,197.8553373577087
56,WY,2011,1994,219.43897608957303
56,WY,2012,1994,201.34365606110947
56,WY,2013,1994,207.81068217179495
56,WY,2014,1994,195.44621842093997
